"","bias","estimate","statistic","p.value","parameter","conf.low","conf.high","method","alternative","adj.p"
"1","AUU",1.70309843335009,81.122732005802,0,649,1.68882195204627,Inf,"One Sample t-test","greater",0
"2","CCU",2.05868711975972,79.3283737266776,0,649,2.03670413306142,Inf,"One Sample t-test","greater",0
"3","GUU",2.12497792502734,79.9328816879754,0,649,2.10179511111042,Inf,"One Sample t-test","greater",0
"4","UUU",1.53600172767436,77.8278653739439,0,649,1.52465740190593,Inf,"One Sample t-test","greater",0
"5","GGU",2.32639322755255,71.8340940506641,2.18496212303644e-311,649,2.29597812426429,Inf,"One Sample t-test","greater",6.55488636910931e-310
"6","GCU",2.01409247316945,70.1056904828475,2.64007152479285e-305,649,1.99026533369363,Inf,"One Sample t-test","greater",7.92021457437856e-304
"7","ACU",1.99036858058529,68.1202891444768,3.56184357598878e-298,649,1.96642065003243,Inf,"One Sample t-test","greater",1.06855307279663e-296
"8","AAU",1.4407655657667,63.6566116394936,1.47746738525068e-281,649,1.42936013324643,Inf,"One Sample t-test","greater",4.43240215575204e-280
"9","CUU",1.66214753083807,57.726884221834,3.93690682558689e-258,649,1.64325351541947,Inf,"One Sample t-test","greater",1.18107204767607e-256
"10","UCU",2.01162468246064,57.4188790941674,7.18659900644937e-257,649,1.98260368562848,Inf,"One Sample t-test","greater",2.15597970193481e-255
"11","UGU",1.42217862049039,57.3148183729862,1.92180550078976e-256,649,1.41004537639402,Inf,"One Sample t-test","greater",5.76541650236928e-255
"12","UAU",1.38307566544883,48.0990774739664,1.85090028536975e-216,649,1.36995682540786,Inf,"One Sample t-test","greater",5.55270085610926e-215
"13","GAU",1.3353100720273,47.7814178969771,5.30132761215831e-215,649,1.32375067489169,Inf,"One Sample t-test","greater",1.59039828364749e-213
"14","AGA",1.92980524050893,36.9837138258646,3.08519734550629e-162,649,1.88839296558482,Inf,"One Sample t-test","greater",9.25559203651888e-161
"15","CAU",1.32835392318829,32.1233495427107,1.52902465786292e-136,649,1.31151675674717,Inf,"One Sample t-test","greater",4.58707397358875e-135
"16","CGU",1.68581525524828,30.4692643065994,1.42127245464162e-127,649,1.64873926220135,Inf,"One Sample t-test","greater",4.26381736392485e-126
"17","AGU",1.50810622683064,27.0157094943946,1.35658918130869e-108,649,1.4771259168793,Inf,"One Sample t-test","greater",4.06976754392608e-107
"18","UUA",1.3850704988262,21.5562071663807,1.92488193898943e-78,649,1.35564556345296,Inf,"One Sample t-test","greater",5.7746458169683e-77
"19","CCA",1.21859915308941,19.9527174467314,9.75682871727472e-70,649,1.20055260922732,Inf,"One Sample t-test","greater",2.92704861518242e-68
"20","GAA",1.18106001409939,19.5541188385244,1.34971810696447e-67,649,1.16580783422376,Inf,"One Sample t-test","greater",4.04915432089342e-66
"21","CAA",1.15075507694789,17.5237853711061,6.95691775936547e-57,649,1.13658436597575,Inf,"One Sample t-test","greater",2.08707532780964e-55
"22","ACA",1.19017512442679,15.8741308740914,1.72452691038642e-48,649,1.17044129493504,Inf,"One Sample t-test","greater",5.17358073115927e-47
"23","AAA",1.11521581193477,14.7579754413455,5.14823485912467e-43,649,1.10235605025447,Inf,"One Sample t-test","greater",1.5444704577374e-41
"24","GCA",1.14566631011345,11.9519742414616,3.3678593601047e-30,649,1.1255907768795,Inf,"One Sample t-test","greater",1.01035780803141e-28
"25","UCA",1.10944473634378,9.40837470112644,4.28066507688699e-20,649,1.09028330741045,Inf,"One Sample t-test","greater",1.2841995230661e-18
"26","AUA",0.875082099174349,-13.6178917565458,1,649,0.859972170350295,Inf,"One Sample t-test","greater",1
"27","CGA",0.322798579416268,-84.376324280254,1,649,0.309578170840253,Inf,"One Sample t-test","greater",1
"28","CUA",0.645879711798248,-35.3254625935559,1,649,0.629367297745497,Inf,"One Sample t-test","greater",1
"29","GGA",0.539765807607411,-52.7026086556076,1,649,0.52538132030132,Inf,"One Sample t-test","greater",1
"30","GUA",0.633282376091258,-39.2836050957974,1,649,0.617905501788065,Inf,"One Sample t-test","greater",1
